Product Name,Rating,Price,Shop,Category,date
The Psychology of Money,4.6,321.0,amazon,books,2022-04-20 22:07:22.585812
Word Power Made Easy,4.4,98.0,amazon,books,2022-04-20 22:07:22.585812
"Grandma's Bag of Stories: Collection of 20+ Illustrated short stories, traditional Indian folk tales for all ages for childre",4.6,155.0,amazon,books,2022-04-20 22:07:22.585812
The India Way: Strategies for an Uncertain World,4.5,454.0,amazon,books,2022-04-20 22:07:22.585812
Rich Dad Poor Dad: What the Rich Teach Their Kids About Money That the Poor and Middle Class Do Not!,4.6,372.0,amazon,books,2022-04-20 22:07:22.585812
Ikigai: The Japanese secret to a long and happy life,4.6,405.0,amazon,books,2022-04-20 22:07:22.585812
It Ends With Us: A Novel: Volume 1,4.6,228.0,amazon,books,2022-04-20 22:07:22.585812
27 Years UPSC IAS/ IPS Prelims Topic-wise Solved Papers 1 & 2 (1995 - 2021) 12th Edition,4.5,344.0,amazon,books,2022-04-20 22:07:22.585812
The Power of Your Subconscious Mind,4.5,125.0,amazon,books,2022-04-20 22:07:22.585812
"My First Mythology Tale (Illustrated) (Set of 5 Books) - Mahabharata, Krishna, Hanuman, Ganesha, Ramayana - Story Book for Ki",4.4,189.0,amazon,books,2022-04-20 22:07:22.585812
Attitude Is Everything: Change Your Attitude ... Change Your Life!,4.5,146.0,amazon,books,2022-04-20 22:07:22.585812
Quanta Quantitative Aptitude by Aashish Arora (English Medium)(3662),-1.0,420.0,amazon,books,2022-04-20 22:07:22.585812
My First Library: Boxset of 10 Board Books for Kids,4.5,399.0,amazon,books,2022-04-20 22:07:22.585812
Quantitative Aptitude for Competitive Examinations,4.4,464.0,amazon,books,2022-04-20 22:07:22.585812
The Almanack Of Naval Ravikant: A Guide to Wealth and Happiness,4.7,228.0,amazon,books,2022-04-20 22:07:22.585812
Moral Story Books for Kids (Pack of 10 Books) | 160 Total Pages | Illustrated Stories,4.3,240.0,amazon,books,2022-04-20 22:07:22.585812
Mathematics for Class 10 - CBSE - by R.D. Sharma Examination 2022-23,4.4,539.0,amazon,books,2022-04-20 22:07:22.585812
Indian Polity ( English| 6th Revised Edition) | UPSC | Civil Services Exam | State Administrative Exams,4.4,649.0,amazon,books,2022-04-20 22:07:22.585812
The Alchemist,4.6,250.0,amazon,books,2022-04-20 22:07:22.585812
"MTG Objective NCERT at your FINGERTIPS - Biology, Best NEET Books (Based on NCERT Pattern - Latest & Revised Edition 2022)",4.6,569.0,amazon,books,2022-04-20 22:07:22.585812
Best of Children’s Classics (Set of 5 Books): Perfect Gift Set for Kids,4.4,499.0,amazon,books,2022-04-20 22:07:22.585812
"Life's Amazing Secrets: How to Find Balance and Purpose in Your Life | Inspirational Zen book on motivation, self-development",4.6,215.0,amazon,books,2022-04-20 22:07:22.585812
CBSE All In One Social Science Class 10 2022-23 Edition,4.8,494.0,amazon,books,2022-04-20 22:07:22.585812
Oswaal CBSE Term 2 English Science Social Science & Math Standard Class 10 Sample Question Paper (Set of 4 Books) (For Term-2,4.7,382.0,amazon,books,2022-04-20 22:07:22.585812
Mathematics for Class 9 - CBSE - by R.D. Sharma Examination 2022-23,4.6,499.0,amazon,books,2022-04-20 22:07:22.585812
Brain Activity Book for Kids - 200+ Activities for Age 3+,4.5,95.0,amazon,books,2022-04-20 22:07:22.585812
DO EPIC SHIT,4.5,285.0,amazon,books,2022-04-20 22:07:22.585812
My First Book of Pencil Control : Practice Pattern Writing (Full Color Pages): Patterns Practice book for kids (Pattern Writi,4.4,89.0,amazon,books,2022-04-20 22:07:22.585812
Very First Sight Words Sentences Level 1,4.5,170.0,amazon,books,2022-04-20 22:07:22.585812
Spoken English Course (Telugu),4.2,294.0,amazon,books,2022-04-20 22:07:22.585812
Wren & Martin High School English Grammar And Composition Book (Regular Edition),4.5,309.0,amazon,books,2022-04-20 22:07:22.585812
My First Little Librarian: Boxset of 12 Best Board Books for Kids,4.4,356.0,amazon,books,2022-04-20 22:07:22.585812
"Oswaal CBSE Question Bank Chapterwise For Term 2, Class 10, Science (For 2022 Exam)",4.4,193.0,amazon,books,2022-04-20 22:07:22.585812
Rich Dad Poor Dad - 20Th Anniversary Edition - Hindi,4.5,208.0,amazon,books,2022-04-20 22:07:22.585812
"The Courage To Be Disliked: How to free yourself, change your life and achieve real happiness (Courage To series)",4.5,352.0,amazon,books,2022-04-20 22:07:22.585812
Mathematics for Class 8 - CBSE - by R.D. Sharma Examination 2022-2023,4.6,423.0,amazon,books,2022-04-20 22:07:22.585812
The Intelligent Investor (English) Paperback – 2013,4.5,435.0,amazon,books,2022-04-20 22:07:22.585812
"Brain Games for Clever Kids: Puzzles to Exercise Your Mind (Buster Brain Games, 1)",4.3,194.0,amazon,books,2022-04-20 22:07:22.585812
"Karma: A Yogi's Guide to Crafting Your Destiny | Spirituality, Self-improvement & Self help books by Sadhguru | Penguin",4.7,160.0,amazon,books,2022-04-20 22:07:22.585812
"India that is Bharat: Coloniality, Civilisation, Constitution",4.8,667.0,amazon,books,2022-04-20 22:07:22.585812
CBSE All In One English Language & Literature Class 10 2022-23 Edition,4.3,494.0,amazon,books,2022-04-20 22:07:22.585812
GIKSO 100 Maths Puzzles Book - Brain Boosting Mathematical Activities for Age 7+ Years Old Kids | Game Book (English) - Repri,4.4,179.0,amazon,books,2022-04-20 22:07:22.585812
Computer Science With Python Textbook And Practical Book For Class 12 (Examination 2022-2023),4.5,625.0,amazon,books,2022-04-20 22:07:22.585812
MUKHYA SEVIKA,-1.0,197.0,amazon,books,2022-04-20 22:07:22.585812
General Knowledge,4.4,199.0,amazon,books,2022-04-20 22:07:22.585812
Oswaal CBSE Term 2 English Language & Literature Class 10 Sample Question Paper Book (For Term-2 2022 Exam),4.5,116.0,amazon,books,2022-04-20 22:07:22.585812
Entre Jeunes Class 9 French Book CBSE,4.2,279.0,amazon,books,2022-04-20 22:07:22.585812
My First ABC Sticker Book: Exciting Sticker Book With 100 Stickers,4.4,139.0,amazon,books,2022-04-20 22:07:22.585812
The Blue Umbrella,4.5,95.0,amazon,books,2022-04-20 22:07:22.585812
Sapiens: A Brief History of Humankind,4.7,381.0,amazon,books,2022-04-20 22:07:22.585812
Treasure Island,4.3,99.0,amazon,books,2022-04-20 22:07:22.585812
T.S. Grewal's An Aid to Accountancy for CBSE class 12 (Term 2) 2022 Examination,4.5,210.0,amazon,books,2022-04-20 22:07:22.585812
101 Brain Booster Activity Book: Fun Activity Book For Children,4.4,139.0,amazon,books,2022-04-20 22:07:22.585812
"Oxford Student Atlas for India, Fourth Edition - Useful for Competitive Exams",4.2,225.0,amazon,books,2022-04-20 22:07:22.585812
Secondary School Mathematics for Class 10 - CBSE - by R.S. Aggarwal Examination 2022-2023,4.5,520.0,amazon,books,2022-04-20 22:07:22.585812
CBSE All In One English Core Class 12 2022-23 Edition,4.1,494.0,amazon,books,2022-04-20 22:07:22.585812
"Tuesdays With Morrie: An old man, a young man, and life's greatest lesson",4.6,225.0,amazon,books,2022-04-20 22:07:22.585812
Arihant CBSE English Core Term 2 Class 12 for 2022 Exam (Cover Theory and MCQs),4.4,133.0,amazon,books,2022-04-20 22:07:22.585812
Oxford School Atlas: India's Most Trusted Atlas 36th edition,4.5,284.0,amazon,books,2022-04-20 22:07:22.585812
Shop on eBay,-1.0,20.0,ebay,books,2022-04-20 22:07:22.585812
"November 9: A Novel - Paperback By Hoover, Colleen - VERY GOOD",-1.0,14.0,ebay,books,2022-04-20 22:07:22.585812
Ugly Love: A Novel by Colleen Hoover (English) Paperback Book Free Shipping!,5.0,12.0,ebay,books,2022-04-20 22:07:22.585812
The lost book of herbal remedies by claude Davis -green cover-3rd Edition,-1.0,12.0,ebay,books,2022-04-20 22:07:22.585812
The Country Diary Of An Edwardian Lady By Edith Holden. 9780718115814,5.0,15.0,ebay,books,2022-04-20 22:07:22.585812
Lot of 3 Nicholas Sparks romance novels hardcover and paperback books Bundle,-1.0,22.0,ebay,books,2022-04-20 22:07:22.585812
The Good Housekeeping Illustrated Cookbook by Zoe Coulson ,5.0,5.0,ebay,books,2022-04-20 22:07:22.585812
The Lesser Key of Solomon by Aleister Crowley (English) Hardcover Book,-1.0,40.0,ebay,books,2022-04-20 22:07:22.585812
Halo Encyclopedia by Microsoft (English) Hardcover Book,-1.0,49.0,ebay,books,2022-04-20 22:07:22.585812
"A Really Short History of Nearly Everything - Hardcover By Bryson, Bill - GOOD",5.0,6.0,ebay,books,2022-04-20 22:07:22.585812
THE FOUNDATION TRILOGY by Isaac Asimov Deluxe Clothbound Hardcover Edition NEW,-1.0,43.0,ebay,books,2022-04-20 22:07:22.585812
The Sermon on the Mount: The Key to Success in Lif,5.0,6.0,ebay,books,2022-04-20 22:07:22.585812
"New ListingMIGHTY MIDGETS 40, DICK WHITTINGTON, WW 1 bomb shelter books",-1.0,25.0,ebay,books,2022-04-20 22:07:22.585812
Eddie Flynn Series 6 Books Collection Set By Steve Cavanagh... by Steve Cavanagh,-1.0,28.0,ebay,books,2022-04-20 22:07:22.585812
Lot of 60 Early Beginning Readers Learn to Read Childrens Books Kids Leveled,-1.0,41.0,ebay,books,2022-04-20 22:07:22.585812
"Rich Dad, Poor Dad: What the Rich Teach Their Kids",4.5,5.0,ebay,books,2022-04-20 22:07:22.585812
"New ListingBUNDLE 5 books APOLLO, MOON, ARMSTRONG, SPACE,... The Easton Press ",-1.0,13.0,ebay,books,2022-04-20 22:07:22.585812
Kuro gal ni nattakara shinyu to yattemita 1-2 set comic Manga anime BL Yupopo,-1.0,63.0,ebay,books,2022-04-20 22:07:22.585812
Lord of the Flies,4.5,5.0,ebay,books,2022-04-20 22:07:22.585812
"Welcome to the Universe in 3d : A Visual Tour, Hardcover by Tyson, Neil deGra...",-1.0,30.0,ebay,books,2022-04-20 22:07:22.585812
3 Book PTSD Time To Heal TRANCE: Formation Of America ACCESS DENIED Cathy OBrien,5.0,75.0,ebay,books,2022-04-20 22:07:22.585812
Salem's Lot - Stephen King - 1976 Signet Paperback - Good,-1.0,16.0,ebay,books,2022-04-20 22:07:22.585812
"Isaac Asimov Robot Series 6 Books Collection Set (I, Robot, The Robots of Dawn..",-1.0,63.0,ebay,books,2022-04-20 22:07:22.585812
The Adventures of Tintin Boxset 23 Books Collection By Herge NEW Paperback,4.5,165.0,ebay,books,2022-04-20 22:07:22.585812
Eckhardt John-Prophet Arise BOOK NEW,5.0,20.0,ebay,books,2022-04-20 22:07:22.585812
Poststructuralism: A Very Short Introduction (Paperback or Softback),-1.0,14.0,ebay,books,2022-04-20 22:07:22.585812
Cunningham Scott-Truth About Witchcraft BOOK NEW,5.0,13.0,ebay,books,2022-04-20 22:07:22.585812
"Heartstopper, Volume 1 (Paperback or Softback)",5.0,18.0,ebay,books,2022-04-20 22:07:22.585812
New ListingThe Art of J.C. Leyendecker - Brand New from the Publisher,-1.0,50.0,ebay,books,2022-04-20 22:07:22.585812
Four Pillars of a Man's Heart : Bringing Strength into Balance by Stu Weber,5.0,5.0,ebay,books,2022-04-20 22:07:22.585812
New ListingGraphic Arts Type Book One Machine Serif Vintage hard cover books,-1.0,123.0,ebay,books,2022-04-20 22:07:22.585812
"New ListingEnglish Activities, Grade 8 Teacher’s Curriculum Book.",-1.0,84.0,ebay,books,2022-04-20 22:07:22.585812
New ListingGlasgow A Sketch Book By John Nisbet 1913. 24 Sketches!￼,-1.0,252.0,ebay,books,2022-04-20 22:07:22.585812
"2015 Tiffany Blue Book Catalog With Hard case Cover, New - Sealed",-1.0,31.0,ebay,books,2022-04-20 22:07:22.585812
Joe Abercrombie Sharp Ends (UK IMPORT) Book NEW,-1.0,19.0,ebay,books,2022-04-20 22:07:22.585812
New ListingThe Art of Dean Cornwell-Brand New from the Publisher,-1.0,56.0,ebay,books,2022-04-20 22:07:22.585812
DO YOU FEEL LIKE I DO ? - A MEMOIR Signed by Peter Frampton 1st Edition HC New,5.0,49.0,ebay,books,2022-04-20 22:07:22.585812
Nirvana-Bleach BOOK NEW,-1.0,25.0,ebay,books,2022-04-20 22:07:22.585812
"TOUT, KEN-BY TANK: D TO VE DAYS (UK IMPORT) BOOK NEW",-1.0,24.0,ebay,books,2022-04-20 22:07:22.585812
"The Body: A Guide for Occupants - Hardcover By Bryson, Bill - GOOD",4.5,10.0,ebay,books,2022-04-20 22:07:22.585812
"The Eye of the World (The Wheel of Time, Book 1) (Wheel of Time, 1)",5.0,6.0,ebay,books,2022-04-20 22:07:22.585812
Irving Finkel Cuneiform (UK IMPORT) Book NEW,-1.0,17.0,ebay,books,2022-04-20 22:07:22.585812
BD ALBATOR eo 1981 Les silvydres attaquent * FRENCH COMIC BOOK * Captain Harlock,-1.0,317.0,ebay,books,2022-04-20 22:07:22.585812
Louis L'Amour Leatherette Bantam Books Complete Your Collection! You Choose,-1.0,16.0,ebay,books,2022-04-20 22:07:22.585812
Catholic Bible-RSV-Compact Zipper (Leather / Fine Binding),4.5,32.0,ebay,books,2022-04-20 22:07:22.585812
Phillips Rebekah E-Piper Was Afraid HBOOK NEW,-1.0,31.0,ebay,books,2022-04-20 22:07:22.585812
"Jung, C. G.-Man And His Symbols BOOK NEW",5.0,13.0,ebay,books,2022-04-20 22:07:22.585812
"Jurnalul unui adolescent timid by Stephen Chbosky, romanian book",-1.0,35.0,ebay,books,2022-04-20 22:07:22.585812
Mind Over Mood Second Edition Change How You Feel Dennis Greenberger PhD,4.5,24.0,ebay,books,2022-04-20 22:07:22.585812
The Good Life: Helen and Scott Nearing's Sixty Years of Self-Sufficient Living (,5.0,19.0,ebay,books,2022-04-20 22:07:22.585812
 Reader s Digest  Complete Guide to Needlework  The Stitch-by-sti,-1.0,7.0,ebay,books,2022-04-20 22:07:22.585812
Redfield James-The Celestine Prophecy BOOK NEW,-1.0,23.0,ebay,books,2022-04-20 22:07:22.585812
Lancaster By M. Garbett,-1.0,22.0,ebay,books,2022-04-20 22:07:22.585812
Mortal Engines Complete Series - 8 Book Collection Box Set By Philip Reeve,-1.0,59.0,ebay,books,2022-04-20 22:07:22.585812
Bhatia Nik-Layered Money BOOK NEW,-1.0,23.0,ebay,books,2022-04-20 22:07:22.585812
Nichijou 15th Anniversary Manga Box Set (Manga Vols #1-10),-1.0,145.0,ebay,books,2022-04-20 22:07:22.585812
"MACROTIS: A MOTHER'S JOURNEY - PlayStation 4, Brand New",-1.0,34.0,ebay,books,2022-04-20 22:07:22.585812
HUGE ELECTRICITY & ELECTRONICS BOOKS on DVD COLLECTION * DIAGRAMS MANUALS REPAIR,-1.0,7.0,ebay,books,2022-04-20 22:07:22.585812
The Gathering Storm By Robert Jordan,5.0,19.0,ebay,books,2022-04-20 22:07:22.585812
Bucaille Dr Maurice-Bible The Quran & Science BOOK NEW,-1.0,23.0,ebay,books,2022-04-20 22:07:22.585812
Connolly S-Comp Bk Of Demonolatry BOOK NEW,5.0,52.0,ebay,books,2022-04-20 22:07:22.585812
"Outliers: The Story of Success - Paperback By Gladwell, Malcolm - GOOD",4.5,5.0,ebay,books,2022-04-20 22:07:22.585812
Douglas Penelope Fire Night BOOK NEW,-1.0,14.0,ebay,books,2022-04-20 22:07:22.585812
"PIRELLI CALENDAR ALBUM by Pye, Michael Paperback Book The Fast Free Shipping",-1.0,16.0,ebay,books,2022-04-20 22:07:22.585812
Confessions of a Yakuza: A Life in Japan's Underworld (Paperback or Softback),-1.0,14.0,ebay,books,2022-04-20 22:07:22.585812
* ULTIMATE COAL MINING 75 VINTAGE BOOKS on DVD COLLECTION * METHODS HISTORY,-1.0,6.0,ebay,books,2022-04-20 22:07:22.585812
Wells Martha-Network Effect BOOK NEW,-1.0,24.0,ebay,books,2022-04-20 22:07:22.585812
Horn Thomas R-Zeitgeist 2025 BOOK NEW,4.0,27.0,ebay,books,2022-04-20 22:07:22.585812
Memento Mori by Paul Koudounaris Hardcover Book,-1.0,43.0,ebay,books,2022-04-20 22:07:22.585812
Harry Potter And The Goblet Of Fire (Book 4),5.0,5.0,ebay,books,2022-04-20 22:07:22.585812
"Shivers Books by M. D. Spenser (1997-1998, Peter Haddock Limited, Paperback)",-1.0,3.0,ebay,books,2022-04-20 22:07:22.585812
"Harry Potter and the Goblet of Fire (Book 4) by Rowling, J. K. Hardback Book The",5.0,12.0,ebay,books,2022-04-20 22:07:22.585812
"Angelou, Maya-I Know Why The Caged Bird Sings BOOK NEW",5.0,12.0,ebay,books,2022-04-20 22:07:22.585812
"Firestarter by King, Stephen",4.5,5.0,ebay,books,2022-04-20 22:07:22.585812
New ListingEvergreen Village To The Rescue By A. B. Coolidge Vintage Book 1922,-1.0,130.0,ebay,books,2022-04-20 22:07:22.585812
Shop on eBay,-1.0,20.0,ebay,books,2022-04-20 22:07:22.585812
"Firestarter by King, Stephen",4.5,5.0,ebay,books,2022-04-20 22:07:22.585812
New ListingFirst Harvest 1954 (Book) By The Poetry Society Of Vermont￼,-1.0,88.0,ebay,books,2022-04-20 22:07:22.585812
New ListingGoodspeed’s Book Shop 50th Anniversary (Catalog)  #423￼ Boston,-1.0,126.0,ebay,books,2022-04-20 22:07:22.585812
"The Eye of the World (The Wheel of Time, Book 1) (Wheel of Time, 1)",5.0,6.0,ebay,books,2022-04-20 22:07:22.585812
New ListingWITCHCRAFT ~ MAGIC SPELLS & POTIONS Anastasia Greywolf Leather Bound Brand NEW,-1.0,32.0,ebay,books,2022-04-20 22:07:22.585812
"Rich Dad, Poor Dad: What the Rich Teach Their Kids",4.5,5.0,ebay,books,2022-04-20 22:07:22.585812
The Nickel Boys  A Novel,5.0,5.0,ebay,books,2022-04-20 22:07:22.585812
"The Book Thief by Zusak, Markus Paperback Book The Fast Free Shipping",5.0,9.0,ebay,books,2022-04-20 22:07:22.585812
Ball Four: Twentieth Anniversary Edition,4.5,6.0,ebay,books,2022-04-20 22:07:22.585812
Newmark Amy-Csf The Soul Kindness Matters BOOK NEW,-1.0,21.0,ebay,books,2022-04-20 22:07:22.585812
Proof of Heaven: A Neurosurgeon's Journey into the Afterlife - Paperback - GOOD,5.0,4.0,ebay,books,2022-04-20 22:07:22.585812
"The Pentagon's Brain: An Uncensored History of DARPA, America's Top-Secret Milit",5.0,20.0,ebay,books,2022-04-20 22:07:22.585812
Almaqdis The Noble Quran word by word English Translation Size Small A5,-1.0,41.0,ebay,books,2022-04-20 22:07:22.585812
"The Charlemagne Pursuit: A Novel - Hardcover By Berry, Steve - GOOD",5.0,4.0,ebay,books,2022-04-20 22:07:22.585812
"New ListingEight Keys to Eden by Mark Clifton,Vintage Book. Distressed Book Jacket.￼",-1.0,83.0,ebay,books,2022-04-20 22:07:22.585812
"New ListingHighwaymen, Exploits Of 17th, & 18th Century Gentlemen Of The Road. Vintage Book",-1.0,141.0,ebay,books,2022-04-20 22:07:22.585812
Point Character Drawing Comics Human body Drawing Guide Book by TACO ,-1.0,49.0,ebay,books,2022-04-20 22:07:22.585812
New ListingMichael Muller: Sharks   : New Hardcover Taschen 2019 Edition @,-1.0,50.0,ebay,books,2022-04-20 22:07:22.585812
Harry Potter and the Chamber of Secrets,5.0,5.0,ebay,books,2022-04-20 22:07:22.585812
The Tao of Pooh,5.0,5.0,ebay,books,2022-04-20 22:07:22.585812
UFC MMA Ronda Rousey SIGNED First Edition My Fight Your Fight Book,-1.0,74.0,ebay,books,2022-04-20 22:07:22.585812
Local Breads  Sourdough and Whole-Grain Recipes from Europe s Bes,5.0,7.0,ebay,books,2022-04-20 22:07:22.585812
The Beatles - All The Songs: The Story Behind Every Beatles Release [New Book] H,5.0,43.0,ebay,books,2022-04-20 22:07:22.585812
Secrets  A Memoir of Vietnam and the Pentagon Papers,3.5,6.0,ebay,books,2022-04-20 22:07:22.585812
* LEARN TO SKETCH DRAW PAINT ART LESSONS * 130+ RARE ANCIENT BOOKS on DVD * ,-1.0,7.0,ebay,books,2022-04-20 22:07:22.585812
Erwin Bauers Deer in Their World,-1.0,5.0,ebay,books,2022-04-20 22:07:22.585812
Cooper Richard-Unplugged Alpha BOOK NEW,-1.0,23.0,ebay,books,2022-04-20 22:07:22.585812
Harry Potter Books 1-7 Special Edition Boxset (20th Anniversary Edition) (Harry,5.0,78.0,ebay,books,2022-04-20 22:07:22.585812
New ListingHistorical Survey Of The Origins & Growth of Mau Mau￼ 1960 Book.,-1.0,126.0,ebay,books,2022-04-20 22:07:22.585812
"The Boy, the Mole, the Fox, and the Horse - Hardcover By Mackesy, Charlie - GOOD",5.0,12.0,ebay,books,2022-04-20 22:07:22.585812
Miracle At Philadelphia: The Story of the Constitutional Convention May - - GOOD,5.0,5.0,ebay,books,2022-04-20 22:07:22.585812
You May Now Kill the Bride by R. L. Stine,-1.0,7.0,ebay,books,2022-04-20 22:07:22.585812
Winning Chess Openings (Winning Chess Series) by Yasser Seirawan Paperback Book,5.0,15.0,ebay,books,2022-04-20 22:07:22.585812
Sagan Carl-Demon-Haunted World BOOK NEW,4.5,25.0,ebay,books,2022-04-20 22:07:22.585812
Atlas of World History,4.0,7.0,ebay,books,2022-04-20 22:07:22.585812
Watership Down,5.0,6.0,ebay,books,2022-04-20 22:07:22.585812
"Iron Shirt Chi Kung by Chia, Mantak Book The Fast Free Shipping",-1.0,10.0,ebay,books,2022-04-20 22:07:22.585812
Choose a Sudoku Puzzle Book - Dell PennyDell PennyPress Kappa some Loco & Sumoku,-1.0,1.0,ebay,books,2022-04-20 22:07:22.585812
"The Loch by Alten, Steve",4.5,5.0,ebay,books,2022-04-20 22:07:22.585812
New ListingThe Beggar's Opera By John Gay. A faithful reproduction of the 1729 edition 1961,-1.0,25.0,ebay,books,2022-04-20 22:07:22.585812
Face the Music : A Life Exposed Hardcover Paul Stanley,5.0,10.0,ebay,books,2022-04-20 22:07:22.585812
The village of Gould Station,-1.0,29.0,ebay,books,2022-04-20 22:07:22.585812
Donnelly-The Big Book Of Pain (Torture & Punishment Through (UK IMPORT) BOOK NEW,5.0,34.0,ebay,books,2022-04-20 22:07:22.585812
Pearson Ridley-Kingdom Keepers01 After Dark BOOK NEW,5.0,15.0,ebay,books,2022-04-20 22:07:22.585812
GUDERIAN'S FOXES: AUFKLARUNGS-ABTEILUNG 29 IN PHOTOS FROM BARBAROSSA TO TYPHOON,-1.0,107.0,ebay,books,2022-04-20 22:07:22.585812
The Best of Ukrainian Cuisine (Paperback or Softback),5.0,18.0,ebay,books,2022-04-20 22:07:22.585812
* ULTIMATE TRAPPING HUNTING TAXIDERMY COLLECTION * 234 VINTAGE BOOKS on DVD *,-1.0,7.0,ebay,books,2022-04-20 22:07:22.585812
Sacrament by Clive Barker ,4.5,5.0,ebay,books,2022-04-20 22:07:22.585812
Madonna Photo Collection SEX 1992 SEX by Madonna Used No CD Sales of photo books,4.5,78.0,ebay,books,2022-04-20 22:07:22.585812
"The Dragon Reborn (The Wheel of Time, Book 3) by Jordan, Robert",5.0,6.0,ebay,books,2022-04-20 22:07:22.585812
"Figure Drawing for Fashion by Yajima, Isao Paperback Book The Fast Free Shipping",-1.0,11.0,ebay,books,2022-04-20 22:07:22.585812
The Invention of Nature by Andrea Wulf (English) Paperback Book,4.5,21.0,ebay,books,2022-04-20 22:07:22.585812
Harry Potter Paperback Box Set 1-4,-1.0,20.0,ebay,books,2022-04-20 22:07:22.585812
Value Investing (Hardcover)Public Version,-1.0,203.0,ebay,books,2022-04-20 22:07:22.585812
How to Destroy Obesity by Larry Castor,-1.0,21.0,ebay,books,2022-04-20 22:07:22.585812
More Adventures from Puzzle World (Usborne Puzzle World) By Usborne Books,-1.0,12.0,ebay,books,2022-04-20 22:07:22.585812
Permanent Record,5.0,6.0,ebay,books,2022-04-20 22:07:22.585812
TACO Point +Secret Character Drawing Set Lezhin Comics Drawing Guide Books,-1.0,94.0,ebay,books,2022-04-20 22:07:22.585812
B002LYUPXA Harvest Home,-1.0,10.0,ebay,books,2022-04-20 22:07:22.585812
Bread Alone : Bold Fresh Loaves from Your Own Hands Hardcover Dan,4.5,8.0,ebay,books,2022-04-20 22:07:22.585812
The Last Guide : A Story of Fish and Love by Corbett Ron and Ron Corbett...,-1.0,34.0,ebay,books,2022-04-20 22:07:22.585812
"Spirit Guides and Angel Guardians: Contact Your... by Webster, Richard Paperback",5.0,8.0,ebay,books,2022-04-20 22:07:22.585812
Skeleton Hiccups by Margery Cuyler (English) Hardcover Book,5.0,23.0,ebay,books,2022-04-20 22:07:22.585812
Milling Operations in the Lathe by Tubal Cain (English) Paperback Book,-1.0,25.0,ebay,books,2022-04-20 22:07:22.585812
Cooper William/ Cooper Milt...-Behold A Pale Horse BOOK NEW,4.5,36.0,ebay,books,2022-04-20 22:07:22.585812
"Killer Pancake (Goldy Culinary Mysteries, Book 5) - Mass Market Paperback - GOOD",5.0,4.0,ebay,books,2022-04-20 22:07:22.585812
"""Truth Is Funnier Than Fiction"" 2nd Edition by Steve Broy (Mentors) ",-1.0,31.0,ebay,books,2022-04-20 22:07:22.585812
Kazakov Paul A-Hard Kisses Bitter Tears BOOK NEW,-1.0,31.0,ebay,books,2022-04-20 22:07:22.585812
B is for Bear: A Very First Book for the Baby You Love - Board book - GOOD,5.0,4.0,ebay,books,2022-04-20 22:07:22.585812
Scientology 0-8: The Book of Basics,4.0,5.0,ebay,books,2022-04-20 22:07:22.585812
"Play the Ponziani (Everyman Chess) by Hayward, Dr. Keith Paperback Book The Fast",-1.0,14.0,ebay,books,2022-04-20 22:07:22.585812
"The Flag Captain by Kent, Alexander Hardback Book The Fast Free Shipping",-1.0,11.0,ebay,books,2022-04-20 22:07:22.585812
* GOLD & SILVER LIRARY ASSAYING PROSPECTING MINING METALLURGY 104 BOOKS on DVD *,-1.0,6.0,ebay,books,2022-04-20 22:07:22.585812
The Richest Man in Babylon by George S. Clason,5.0,5.0,ebay,books,2022-04-20 22:07:22.585812
Last Train to Paradise: Henry Flagler and the Spectacular Rise and Fall o - GOOD,5.0,6.0,ebay,books,2022-04-20 22:07:22.585812
